INSERT INTO Pessoa VALUES('85619370518', 'Rua Conselheiro Portela', 'Recife', 139, '52020212', TO_DATE('01-01-1980', 'DD-MM-YYYY'), 'carlos.silva@gmail.com', 'Carlos Silva');
INSERT INTO Pessoa VALUES('32450176829', 'Rua Real da Torre', 'Recife', 705, '50610000', TO_DATE('15-06-1985','DD-MM-YYYY'), 'ana.souza@gmail.com', 'Ana Souza');
INSERT INTO Pessoa VALUES('48273956108', 'Avenida 17 de Agosto', 'Recife', 2413, '52061540', TO_DATE('10-12-2000','DD-MM-YYYY'), 'joao.santos@gmail.com', 'João Santos');
INSERT INTO Pessoa VALUES('56189023471', 'Rua São Bento', 'Olinda', 358, '53020080', TO_DATE('20-03-1995', 'DD-MM-YYYY'), 'maria.oliveira@gmail.com', 'Maria Oliveira');
INSERT INTO Pessoa VALUES('71028394615', 'Rua do Futuro', 'Recife', 180, '52050005', TO_DATE('11-07-1978', 'DD-MM-YYYY'), 'roberto.lima@gmail.com', 'Roberto Lima');
INSERT INTO Pessoa VALUES('26678900981', 'Rua do Bom Jesus ', 'Recife', 432, '50030170', TO_DATE('11-09-1990', 'DD-MM-YYYY'), 'marcelo.lima@gmail.com', 'Marcelo Cristian');
INSERT INTO Pessoa VALUES('12345678911', 'Rua Nova', 'Recife', 12, '50000001', TO_DATE('01-01-2000', 'DD-MM-YYYY'), 'lucia.santos@gmail.com', 'Lucia Santos');
INSERT INTO Pessoa VALUES('98765432112', 'Rua Velha', 'Olinda', 45, '53000002', TO_DATE('02-02-2001', 'DD-MM-YYYY'), 'maria.oliveira@gmail.com', 'Maria Oliveira');
INSERT INTO Pessoa VALUES('19283746510', 'Rua das Mangueiras', 'Recife', 120, '52000100', TO_DATE('03-03-2002', 'DD-MM-YYYY'), 'joao.costa@gmail.com', 'João Costa');
INSERT INTO Pessoa VALUES('10293847560', 'Avenida das Flores', 'Recife', 303, '52100011', TO_DATE('04-04-2003', 'DD-MM-YYYY'), 'ana.brito@gmail.com', 'Ana Brito');
INSERT INTO Pessoa VALUES('56473829100', 'Rua Central', 'Olinda', 600, '53010090', TO_DATE('05-05-2004', 'DD-MM-YYYY'), 'pedro.lima@gmail.com', 'Pedro Lima');
INSERT INTO Pessoa VALUES('12398745609', 'Rua do Sol', 'Recife', 700, '54000010', TO_DATE('06-06-1999', 'DD-MM-YYYY'), 'carlos.martins@gmail.com', 'Carlos Martins');
INSERT INTO Pessoa VALUES('97856412311', 'Avenida Brasil', 'Recife', 809, '50230080', TO_DATE('07-07-1998', 'DD-MM-YYYY'), 'fernanda.menezes@gmail.com', 'Fernanda Menezes');
INSERT INTO Pessoa VALUES('98723145678', 'Rua Verde', 'Recife', 110, '51111000', TO_DATE('08-08-1997', 'DD-MM-YYYY'), 'mariana.souza@gmail.com', 'Mariana Souza');
INSERT INTO Pessoa VALUES('13245678909', 'Rua Azul', 'Olinda', 210, '53002000', TO_DATE('09-09-1996', 'DD-MM-YYYY'), 'ricardo.lopes@gmail.com', 'Ricardo Lopes');
INSERT INTO Pessoa VALUES('10928374650', 'Avenida Atlântica', 'Recife', 56, '52000011', TO_DATE('10-10-1995', 'DD-MM-YYYY'), 'amanda.silva@gmail.com', 'Amanda Silva');
INSERT INTO Pessoa VALUES('99887766554', 'Rua do Mar', 'Recife', 123, '52001000', TO_DATE('11-11-1994', 'DD-MM-YYYY'), 'felipe.santos@gmail.com', 'Felipe Santos');
INSERT INTO Pessoa VALUES('77665544332', 'Rua Vermelha', 'Olinda', 90, '53001010', TO_DATE('12-12-1993', 'DD-MM-YYYY'), 'daniela.lima@gmail.com', 'Daniela Lima');
INSERT INTO Pessoa VALUES('66554433211', 'Rua Branca', 'Recife', 31, '52100020', TO_DATE('13-01-1992', 'DD-MM-YYYY'), 'lucas.martins@gmail.com', 'Lucas Martins');
INSERT INTO Pessoa VALUES('55443322110', 'Rua Cinza', 'Recife', 123, '52000200', TO_DATE('14-02-1991', 'DD-MM-YYYY'), 'vanessa.silva@gmail.com', 'Vanessa Silva');
INSERT INTO Pessoa VALUES('44332211099', 'Rua Laranja', 'Recife', 987, '52101000', TO_DATE('15-03-1990', 'DD-MM-YYYY'), 'eduardo.costa@gmail.com', 'Eduardo Costa');
INSERT INTO Pessoa VALUES('33221100988', 'Avenida Verde', 'Recife', 321, '50050050', TO_DATE('16-04-1989', 'DD-MM-YYYY'), 'isabela.oliveira@gmail.com', 'Isabela Oliveira');
INSERT INTO Pessoa VALUES('22110099887', 'Rua Amarela', 'Recife', 123, '51000020', TO_DATE('17-05-1988', 'DD-MM-YYYY'), 'roberto.souza@gmail.com', 'Roberto Souza');
INSERT INTO Pessoa VALUES('11009988776', 'Rua Lilás', 'Olinda', 201, '53000110', TO_DATE('18-06-1987', 'DD-MM-YYYY'), 'helena.costa@gmail.com', 'Helena Costa');
INSERT INTO Pessoa VALUES('00998877665', 'Rua Rosa', 'Recife', 444, '52001010', TO_DATE('19-07-1986', 'DD-MM-YYYY'), 'thiago.martins@gmail.com', 'Thiago Martins');
INSERT INTO Pessoa VALUES('00998877664', 'Rua Azul Claro', 'Recife', 501, '52111010', TO_DATE('20-08-1985', 'DD-MM-YYYY'), 'priscila.santos@gmail.com', 'Priscila Santos');
INSERT INTO Pessoa VALUES('68913476523', 'Rua da Aurora', 'Recife', 99, '50050000', TO_DATE('05-05-1992', 'DD-MM-YYYY'), 'beatriz.ferreira@gmail.com', 'Beatriz Ferreira');  
INSERT INTO Pessoa VALUES('09786423901', 'Rua das Flores', 'Olinda', 121, '53000090', TO_DATE('20-10-1988', 'DD-MM-YYYY'), 'antonio.martins@gmail.com', 'Antonio Martins');  
INSERT INTO Pessoa VALUES('12345678910', 'Rua Padre Roma', 'Recife', 57, '52020210', TO_DATE('15-09-1999', 'DD-MM-YYYY'), 'lucas.amaral@gmail.com', 'Lucas Amaral');  
INSERT INTO Pessoa VALUES('23198765432', 'Avenida Norte', 'Recife', 601, '52011020', TO_DATE('30-06-1990', 'DD-MM-YYYY'), 'mariana.santos@gmail.com', 'Mariana Santos');  
INSERT INTO Pessoa VALUES('09876543219', 'Rua Central', 'Olinda', 303, '53010010', TO_DATE('10-02-1975', 'DD-MM-YYYY'), 'ricardo.lopes@gmail.com', 'Ricardo Lopes');
INSERT INTO Pessoa VALUES('85619370519', 'Rua 12', 'Recife', 123, '50060020', TO_DATE('15-06-1985', 'DD-MM-YYYY'), 'joao.melo@gmail.com', 'João Melo'); 
INSERT INTO Pessoa VALUES('32450176822', 'Avenida Boa Viagem', 'Recife', 2001, '51111010', TO_DATE('25-12-1978', 'DD-MM-YYYY'), 'ana.silva@gmail.com', 'Ana Silva'); 
INSERT INTO Pessoa VALUES('26678900982', 'Rua das Palmeiras', 'Olinda', 501, '53020010', TO_DATE('10-11-1990', 'DD-MM-YYYY'), 'marcos.souza@gmail.com', 'Marcos Souza'); 
INSERT INTO Pessoa VALUES('98765432100', 'Rua Central', 'Recife', 75, '50222010', TO_DATE('18-04-1995', 'DD-MM-YYYY'), 'fernanda.lima@gmail.com', 'Fernanda Lima'); 
INSERT INTO Pessoa VALUES('45678912311', 'Avenida Recife', 'Recife', 101, '50030090', TO_DATE('12-01-1988', 'DD-MM-YYYY'), 'carlos.almeida@gmail.com', 'Carlos Almeida');

INSERT INTO Professor_cargo  (cargo, salario) VALUES('Coordenador', 8000);
INSERT INTO Professor_cargo  (cargo, salario) VALUES('Professor', 5000);
INSERT INTO Professor_cargo  (cargo, salario) VALUES('Adjunto', 4000);
INSERT INTO Professor_cargo  (cargo, salario) VALUES('Titular', 10000);  
INSERT INTO Professor_cargo  (cargo, salario) VALUES('Visitante', 6000); 

INSERT INTO Professor VALUES('85619370518', 'Coordenador', TO_DATE('01-01-2010', 'DD-MM-YYYY'), NULL);
INSERT INTO Professor VALUES('32450176829', 'Professor', TO_DATE('03-05-2015', 'DD-MM-YYYY'), '85619370518');
INSERT INTO Professor VALUES('26678900981', 'Coordenador', TO_DATE('21-10-1978', 'DD-MM-YYYY'), '85619370518');
INSERT INTO Professor VALUES('48273956108', 'Adjunto', TO_DATE('23-09-2018', 'DD-MM-YYYY'), '85619370518');
INSERT INTO Professor VALUES('68913476523', 'Professor', TO_DATE('01-08-2017', 'DD-MM-YYYY'), '85619370518');  
INSERT INTO Professor VALUES('09786423901', 'Adjunto', TO_DATE('12-04-2018', 'DD-MM-YYYY'), '32450176829');  
INSERT INTO Professor VALUES('12345678910', 'Visitante', TO_DATE('10-09-2020', 'DD-MM-YYYY'), '26678900981');  
INSERT INTO Professor VALUES('23198765432', 'Titular', TO_DATE('15-03-2015', 'DD-MM-YYYY'), '85619370518');  
INSERT INTO Professor VALUES('09876543219', 'Adjunto', TO_DATE('28-11-2019', 'DD-MM-YYYY'), '32450176829'); 

INSERT INTO Curso (nome_curso, carga_horaria, CPF_coordenador) VALUES('Engenharia da Computação', 3000, '85619370518');
INSERT INTO Curso (nome_curso, carga_horaria, CPF_coordenador) VALUES('Ciência da Computação', 3200, '26678900981');
INSERT INTO Curso (nome_curso, carga_horaria, CPF_coordenador) VALUES('Engenharia Eletrônica', 3500, '68913476523');  
INSERT INTO Curso (nome_curso, carga_horaria, CPF_coordenador) VALUES('Sistemas de Informação', 3100, '09786423901');  
INSERT INTO Curso (nome_curso, carga_horaria, CPF_coordenador) VALUES('Engenharia de Software', 4000, '12345678910');  
INSERT INTO Curso (nome_curso, carga_horaria, CPF_coordenador) VALUES('Análise e Desenvolvimento de Sistemas', 2800, '23198765432');  
INSERT INTO Curso (nome_curso, carga_horaria, CPF_coordenador) VALUES('Ciência de Dados', 3600, '09876543219');  


INSERT INTO Disciplina VALUES(codigo_disciplina.NEXTVAL, 'Introdução à Programação', 120, 'Engenharia da Computação');
INSERT INTO Disciplina VALUES(codigo_disciplina.NEXTVAL, 'Matemática Discreta', 90, 'Engenharia da Computação');
INSERT INTO Disciplina VALUES(codigo_disciplina.NEXTVAL, 'Sistemas Digitais', 100, 'Ciência da Computação');
INSERT INTO Disciplina VALUES(codigo_disciplina.NEXTVAL, 'Redes de Computadores', 80, 'Ciência da Computação');
INSERT INTO Disciplina VALUES(codigo_disciplina.NEXTVAL, 'Algoritmos Avançados', 150, 'Engenharia Eletrônica');  
INSERT INTO Disciplina VALUES(codigo_disciplina.NEXTVAL, 'Banco de Dados', 100, 'Sistemas de Informação');  
INSERT INTO Disciplina VALUES(codigo_disciplina.NEXTVAL, 'Engenharia de Requisitos', 90, 'Engenharia de Software');  
INSERT INTO Disciplina VALUES(codigo_disciplina.NEXTVAL, 'Desenvolvimento Web', 120, 'Análise e Desenvolvimento de Sistemas');  
INSERT INTO Disciplina VALUES(codigo_disciplina.NEXTVAL, 'Inteligência Artificial', 140, 'Ciência de Dados');  

INSERT INTO Sala VALUES('Prédio A', 'D005', 30);
INSERT INTO Sala VALUES('Prédio A', 'D002', 40);
INSERT INTO Sala VALUES('Prédio B', 'E101', 30);
INSERT INTO Sala VALUES('Prédio B', 'E102', 60);
INSERT INTO Sala VALUES('Prédio B', 'E103', 30);
INSERT INTO Sala VALUES('Prédio B', 'E106', 60);
INSERT INTO Sala VALUES('Prédio C', 'F101', 35);  
INSERT INTO Sala VALUES('Prédio C', 'F102', 45);  
INSERT INTO Sala VALUES('Prédio D', 'G201', 25);  
INSERT INTO Sala VALUES('Prédio D', 'G202', 50);  
INSERT INTO Sala VALUES('Prédio E', 'H301', 55);
INSERT INTO Sala VALUES('Prédio E', 'H302', 45); 


INSERT INTO Turma VALUES('T01', 1);
INSERT INTO Turma VALUES('T10', 1);
INSERT INTO Turma VALUES('T02', 2);
INSERT INTO Turma VALUES('T11', 2);
INSERT INTO Turma VALUES('T03', 3);
INSERT INTO Turma VALUES('T04', 4);
INSERT INTO Turma VALUES('T05', 5);  
INSERT INTO Turma VALUES('T06', 6);  
INSERT INTO Turma VALUES('T07', 7);  
INSERT INTO Turma VALUES('T08', 8);  
INSERT INTO Turma VALUES('T09', 9);


INSERT INTO Data_aula (codigo_turma, codigo_disciplina, horario, dia_semana) VALUES('T01', 1, TO_DATE('10:00:00', 'HH24:MI:SS'), 'SEGUNDA');
INSERT INTO Data_aula (codigo_turma, codigo_disciplina, horario, dia_semana) VALUES('T02', 2, TO_DATE('10:00:00', 'HH24:MI:SS'), 'TERCA');
INSERT INTO Data_aula (codigo_turma, codigo_disciplina, horario, dia_semana) VALUES('T03', 3, TO_DATE('14:00:00', 'HH24:MI:SS'), 'QUARTA');
INSERT INTO Data_aula (codigo_turma, codigo_disciplina, horario, dia_semana) VALUES('T04', 4, TO_DATE('16:00:00', 'HH24:MI:SS'), 'QUINTA');
INSERT INTO Data_aula (codigo_turma, codigo_disciplina, horario, dia_semana) VALUES('T05', 5, TO_DATE('11:00:00', 'HH24:MI:SS'), 'SEXTA');  
INSERT INTO Data_aula (codigo_turma, codigo_disciplina, horario, dia_semana) VALUES('T06', 6, TO_DATE('09:00:00', 'HH24:MI:SS'), 'SEGUNDA');  
INSERT INTO Data_aula (codigo_turma, codigo_disciplina, horario, dia_semana) VALUES('T07', 7, TO_DATE('13:00:00', 'HH24:MI:SS'), 'TERCA');  
INSERT INTO Data_aula (codigo_turma, codigo_disciplina, horario, dia_semana) VALUES('T08', 8, TO_DATE('14:00:00', 'HH24:MI:SS'), 'QUARTA');  
INSERT INTO Data_aula (codigo_turma, codigo_disciplina, horario, dia_semana) VALUES('T09', 9, TO_DATE('15:30:00', 'HH24:MI:SS'), 'QUINTA');

INSERT INTO Aluno (CPF_aluno, numero_matricula, status, data_matricula, nome_curso) VALUES('56189023471', '20250001', 'Ativo', TO_DATE('12-01-2022', 'DD-MM-YYYY'), 'Engenharia da Computação');
INSERT INTO Aluno (CPF_aluno, numero_matricula, status, data_matricula, nome_curso) VALUES('71028394615', '20230008', 'Ativo', TO_DATE('13-01-2020', 'DD-MM-YYYY'), 'Ciência da Computação');
INSERT INTO Aluno (CPF_aluno, numero_matricula, status, data_matricula, nome_curso) VALUES('68913476523', '20260002', 'Ativo', TO_DATE('10-02-2023', 'DD-MM-YYYY'), 'Engenharia Eletrônica');  
INSERT INTO Aluno (CPF_aluno, numero_matricula, status, data_matricula, nome_curso) VALUES('09786423901', '20260003', 'Ativo', TO_DATE('14-01-2023', 'DD-MM-YYYY'), 'Sistemas de Informação');  
INSERT INTO Aluno (CPF_aluno, numero_matricula, status, data_matricula, nome_curso) VALUES('12345678910', '20260004', 'Ativo', TO_DATE('18-01-2023', 'DD-MM-YYYY'), 'Engenharia de Software');  
INSERT INTO Aluno (CPF_aluno, numero_matricula, status, data_matricula, nome_curso) VALUES('23198765432', '20260005', 'Ativo', TO_DATE('21-01-2023', 'DD-MM-YYYY'), 'Análise e Desenvolvimento de Sistemas');  
INSERT INTO Aluno (CPF_aluno, numero_matricula, status, data_matricula, nome_curso) VALUES('09876543219', '20260006', 'Ativo', TO_DATE('25-01-2023', 'DD-MM-YYYY'), 'Ciência de Dados');
INSERT INTO Aluno (CPF_aluno, numero_matricula, status, data_matricula, nome_curso) VALUES('12345678911', '20260007', 'Ativo', TO_DATE('01-02-2025', 'DD-MM-YYYY'), 'Ciência de Dados');
INSERT INTO Aluno (CPF_aluno, numero_matricula, status, data_matricula, nome_curso) VALUES('98765432112', '20260008', 'Ativo', TO_DATE('02-02-2025', 'DD-MM-YYYY'), 'Engenharia Eletrônica');
INSERT INTO Aluno (CPF_aluno, numero_matricula, status, data_matricula, nome_curso) VALUES('19283746510', '20260009', 'Ativo', TO_DATE('03-02-2025', 'DD-MM-YYYY'), 'Sistemas de Informação');
INSERT INTO Aluno (CPF_aluno, numero_matricula, status, data_matricula, nome_curso) VALUES('10293847560', '20260010', 'Ativo', TO_DATE('04-02-2025', 'DD-MM-YYYY'), 'Engenharia de Software');
INSERT INTO Aluno (CPF_aluno, numero_matricula, status, data_matricula, nome_curso) VALUES('56473829100', '20260011', 'Ativo', TO_DATE('05-02-2025', 'DD-MM-YYYY'), 'Desenvolvimento Web');
INSERT INTO Aluno (CPF_aluno, numero_matricula, status, data_matricula, nome_curso) VALUES('12398745609', '20260012', 'Ativo', TO_DATE('06-02-2025', 'DD-MM-YYYY'), 'Banco de Dados');
INSERT INTO Aluno (CPF_aluno, numero_matricula, status, data_matricula, nome_curso) VALUES('97856412311', '20260013', 'Ativo', TO_DATE('07-02-2025', 'DD-MM-YYYY'), 'Segurança da Informação');
INSERT INTO Aluno (CPF_aluno, numero_matricula, status, data_matricula, nome_curso) VALUES('98723145678', '20260014', 'Ativo', TO_DATE('08-02-2025', 'DD-MM-YYYY'), 'Inteligência Artificial');

INSERT INTO Telefone (telefone, CPF) VALUES('81982374309', '85619370518');
INSERT INTO Telefone (telefone, CPF) VALUES('81983433337', '32450176829');
INSERT INTO Telefone (telefone, CPF) VALUES('83983493847', '48273956108');
INSERT INTO Telefone (telefone, CPF) VALUES('83984918304', '56189023471');
INSERT INTO Telefone (telefone, CPF) VALUES('81999999083', '71028394615');
INSERT INTO Telefone (telefone, CPF) VALUES('81985474321', '68913476523');  
INSERT INTO Telefone (telefone, CPF) VALUES('81986743210', '09786423901');  
INSERT INTO Telefone (telefone, CPF) VALUES('83987432198', '12345678910');  
INSERT INTO Telefone (telefone, CPF) VALUES('83988765432', '23198765432');  
INSERT INTO Telefone (telefone, CPF) VALUES('81989876543', '09876543219');

INSERT INTO Ensina (predio_sala, num_sala, codigo_turma, codigo_disciplina, horario_reserva, CPF_professor) VALUES('Prédio A', 'D005', 'T01', 1, TO_DATE('16-01-2025 07:50:00', 'DD-MM-YYYY HH24:MI:SS'), '85619370518');
INSERT INTO Ensina (predio_sala, num_sala, codigo_turma, codigo_disciplina, horario_reserva, CPF_professor) VALUES('Prédio A', 'D002', 'T02', 2, TO_DATE('16-01-2025 09:50:00', 'DD-MM-YYYY HH24:MI:SS'), '32450176829');
INSERT INTO Ensina (predio_sala, num_sala, codigo_turma, codigo_disciplina, horario_reserva, CPF_professor) VALUES('Prédio B', 'E101', 'T03', 3, TO_DATE('17-01-2025 13:50:00', 'DD-MM-YYYY HH24:MI:SS'), '32450176829');
INSERT INTO Ensina (predio_sala, num_sala, codigo_turma, codigo_disciplina, horario_reserva, CPF_professor) VALUES('Prédio B', 'E102', 'T04', 4, TO_DATE('18-01-2025 15:50:00', 'DD-MM-YYYY HH24:MI:SS'), '85619370518');
INSERT INTO Ensina (predio_sala, num_sala, codigo_turma, codigo_disciplina, horario_reserva, CPF_professor) VALUES('Prédio C', 'F101', 'T05', 5, TO_DATE('19-01-2025 11:50:00', 'DD-MM-YYYY HH24:MI:SS'), '68913476523');  
INSERT INTO Ensina (predio_sala, num_sala, codigo_turma, codigo_disciplina, horario_reserva, CPF_professor) VALUES('Prédio C', 'F102', 'T06', 6, TO_DATE('20-01-2025 09:50:00', 'DD-MM-YYYY HH24:MI:SS'), '09786423901');  
INSERT INTO Ensina (predio_sala, num_sala, codigo_turma, codigo_disciplina, horario_reserva, CPF_professor) VALUES('Prédio D', 'G201', 'T07', 7, TO_DATE('21-01-2025 13:50:00', 'DD-MM-YYYY HH24:MI:SS'), '12345678910');  
INSERT INTO Ensina (predio_sala, num_sala, codigo_turma, codigo_disciplina, horario_reserva, CPF_professor) VALUES('Prédio D', 'G202', 'T08', 8, TO_DATE('22-01-2025 14:50:00', 'DD-MM-YYYY HH24:MI:SS'), '23198765432');  
INSERT INTO Ensina (predio_sala, num_sala, codigo_turma, codigo_disciplina, horario_reserva, CPF_professor) VALUES('Prédio E', 'H301', 'T09', 9, TO_DATE('23-01-2025 15:50:00', 'DD-MM-YYYY HH24:MI:SS'), '09876543219');

INSERT INTO Prova VALUES(86869, '56189023471', 'T01', 'Prova 1 de Introdução à Programaçaõ', 8.5, 1);
INSERT INTO Prova VALUES(09090, '71028394615', 'T03', 'Prova de Sistemas Digitais', 9.0, 3);
INSERT INTO Prova VALUES(45678, '68913476523', 'T05', 'Prova de Algoritmos Avançados', 9.2, 5);  
INSERT INTO Prova VALUES(12345, '09786423901', 'T06', 'Prova de Banco de Dados', 8.7, 6);  
INSERT INTO Prova VALUES(78901, '12345678910', 'T07', 'Prova de Engenharia de Requisitos', 9.5, 7);  
INSERT INTO Prova VALUES(67890, '23198765432', 'T08', 'Prova de Desenvolvimento Web', 9.8, 8);  
INSERT INTO Prova VALUES(54321, '09876543219', 'T09', 'Prova de Inteligência Artificial', 9.0, 9);  

INSERT INTO Matricula (CPF_aluno, codigo_turma, codigo_disciplina) VALUES('56189023471', 'T01', 1);
INSERT INTO Matricula (CPF_aluno, codigo_turma, codigo_disciplina) VALUES('98723145678', 'T01', 1);
INSERT INTO Matricula (CPF_aluno, codigo_turma, codigo_disciplina) VALUES('19283746510', 'T03', 3);
INSERT INTO Matricula (CPF_aluno, codigo_turma, codigo_disciplina) VALUES('71028394615', 'T03', 3);
INSERT INTO Matricula (CPF_aluno, codigo_turma, codigo_disciplina) VALUES('68913476523', 'T05', 5);  
INSERT INTO Matricula (CPF_aluno, codigo_turma, codigo_disciplina) VALUES('09786423901', 'T06', 6);  
INSERT INTO Matricula (CPF_aluno, codigo_turma, codigo_disciplina) VALUES('12345678910', 'T07', 7);  
INSERT INTO Matricula (CPF_aluno, codigo_turma, codigo_disciplina) VALUES('23198765432', 'T08', 8);  
INSERT INTO Matricula (CPF_aluno, codigo_turma, codigo_disciplina) VALUES('09876543219', 'T09', 9);
